{"cells":[{"type":"link","source":{"x":10,"y":200},"target":{"x":350,"y":200},"labels":[{"position":0.5,"attrs":{"text":{"text":"dadadasdasd"}}}],"id":"59f89fa3-8a1c-4813-85c9-eabb8454d8e9","z":1,"attrs":{".marker-source":{"fill":"#4b4a67","stroke":"#4b4a67","d":"M 10 0 L 0 5 L 10 10 z"},".marker-target":{"fill":"#4b4a67","stroke":"#4b4a67","d":"M 10 0 L 0 5 L 10 10 z"}}},{"type":"link","source":{"x":551,"y":409},"target":{"x":654,"y":209},"labels":[{"position":0.5,"attrs":{"text":{"text":"asdasdasdasdas"}}}],"id":"a1aed72b-2d68-4e40-ad13-582d6259d7b4","z":2,"vertices":[{"x":609,"y":296}],"attrs":{".marker-source":{"fill":"#4b4a67","stroke":"#4b4a67","d":"M 10 0 L 0 5 L 10 10 z"},".marker-target":{"fill":"#4b4a67","stroke":"#4b4a67","d":"M 10 0 L 0 5 L 10 10 z"}}},{"type":"uml.Class","name":"kkkk","attributes":["primary key"],"methods":["atributo1","atributo2","atributo3"],"position":{"x":394,"y":27},"size":{"width":180,"height":180},"angle":0,"id":"e99df84e-1bbe-4123-9623-8983c01deab9","z":3,"attrs":{".uml-class-name-rect":{"stroke":"#000000","stroke-width":0.5,"fill":"#4dd0e1","height":40,"transform":"translate(0,0)"},".uml-class-attrs-rect":{"height":40,"transform":"translate(0,40)"},".uml-class-methods-rect":{"height":80,"transform":"translate(0,80)"},".uml-class-name-text":{"text":"kkkk"},".uml-class-attrs-text":{"ref-y":0.5,"y-alignment":"middle","text":"primary key"},".uml-class-methods-text":{"ref-y":0.5,"y-alignment":"middle","text":"atributo1\natributo2\natributo3"},".uml-class-attrs-rect, .uml-class-methods-rect":{"fill":"#FFFFFF","stroke":"#000000","stroke-width":0.5}}}]}
