{
   "cells":[
      {
         "type":"basic.Rect",
         "position":{
            "x":335,
            "y":50
         },
         "size":{
            "width":70,
            "height":30
         },
         "angle":0,
         "id":"1299402c-2e09-4a9c-8237-40e196c5affb",
         "z":1,
         "attrs":{
            "rect":{
               "fill":"orange"
            },
            "text":{
               "text":"Box",
               "magnet":true
            }
         }
      },
      {
         "type":"basic.Rect",
         "position":{
            "x":635,
            "y":50
         },
         "size":{
            "width":70,
            "height":30
         },
         "angle":0,
         "id":"f0755f3c-14d4-4d04-89c4-62769012bea8",
         "z":1,
         "embeds":"",
         "attrs":{
            "rect":{
               "fill":"orange"
            },
            "text":{
               "text":"Box",
               "magnet":true
            }
         }
      },
      {
         "type":"basic.Rect",
         "position":{
            "x":335,
            "y":130
         },
         "size":{
            "width":70,
            "height":30
         },
         "angle":0,
         "id":"a17e251b-e1c5-405d-97bb-21c4bd04a453",
         "z":1,
         "embeds":"",
         "attrs":{
            "rect":{
               "fill":"orange"
            },
            "text":{
               "text":"Box",
               "magnet":true
            }
         }
      },
      {
         "type":"basic.Rect",
         "position":{
            "x":635,
            "y":130
         },
         "size":{
            "width":70,
            "height":30
         },
         "angle":0,
         "id":"7585b26a-7dba-4cb1-b652-d767caa9ae97",
         "z":1,
         "embeds":"",
         "attrs":{
            "rect":{
               "fill":"orange"
            },
            "text":{
               "text":"Box",
               "magnet":true
            }
         }
      },
      {
         "type":"basic.Text",
         "position":{
            "x":250,
            "y":70
         },
         "size":{
            "width":72,
            "height":15
         },
         "angle":0,
         "id":"6184526f-d142-4a88-b381-463020c963ce",
         "z":2,
         "attrs":{
            "text":{
               "font-size":12,
               "text":"Default connection",
               "text-anchor":"end"
            }
         }
      },
      {
         "type":"link",
         "source":{
            "id":"1299402c-2e09-4a9c-8237-40e196c5affb"
         },
         "target":{
            "id":"f0755f3c-14d4-4d04-89c4-62769012bea8"
         },
         "vertexOnDblClick":true,
         "id":"cdadc039-62a1-43e7-82e3-4ed0cb92d384",
         "z":3,
         "attrs":{

         }
      },
      {
         "type":"basic.Text",
         "position":{
            "x":250,
            "y":150
         },
         "size":{
            "width":56,
            "height":15
         },
         "angle":0,
         "id":"d0124fd6-0afe-4ea7-b18a-88ba6866c827",
         "z":4,
         "attrs":{
            "text":{
               "font-size":12,
               "text":"Custom markers",
               "text-anchor":"end"
            }
         }
      },
      {
         "type":"link",
         "source":{
            "id":"a17e251b-e1c5-405d-97bb-21c4bd04a453"
         },
         "target":{
            "id":"7585b26a-7dba-4cb1-b652-d767caa9ae97"
         },
         "id":"ec701e1a-a9eb-4c62-8ebb-0a1fab8f1925",
         "z":5,
         "attrs":{
            ".marker-source":{
               "d":"M 10 0 L 0 5 L 10 10 z"
            },
            ".marker-target":{
               "d":"M 10 0 L 0 5 L 10 10 z"
            }
         }
      }
   ]
}
